,Make,Model,Year,Engine Fuel Type,Engine HP,Engine Cylinders,Transmission Type,Driven_Wheels,Number of Doors,Market Category,Vehicle Size,Vehicle Style,highway MPG,city mpg,Popularity,MSRP
2318,Chevrolet,Captiva Sport,2013,flex-fuel (unleaded/E85),180.0,4.0,AUTOMATIC,front wheel drive,4.0,"Crossover,Flex Fuel",Midsize,4dr SUV,28,20,1385,24155
2319,Chevrolet,Captiva Sport,2013,flex-fuel (unleaded/E85),180.0,4.0,AUTOMATIC,front wheel drive,4.0,"Crossover,Flex Fuel",Midsize,4dr SUV,28,20,1385,29615
2320,Chevrolet,Captiva Sport,2013,flex-fuel (unleaded/E85),180.0,4.0,AUTOMATIC,front wheel drive,4.0,"Crossover,Flex Fuel",Midsize,4dr SUV,28,20,1385,25770
2321,Chevrolet,Captiva Sport,2013,flex-fuel (unleaded/E85),180.0,4.0,AUTOMATIC,front wheel drive,4.0,"Crossover,Flex Fuel",Midsize,4dr SUV,28,20,1385,24940
2322,Chevrolet,Captiva Sport,2014,flex-fuel (unleaded/E85),180.0,4.0,AUTOMATIC,front wheel drive,4.0,"Crossover,Flex Fuel",Midsize,4dr SUV,28,20,1385,25145
2323,Chevrolet,Captiva Sport,2014,flex-fuel (unleaded/E85),180.0,4.0,AUTOMATIC,front wheel drive,4.0,"Crossover,Flex Fuel",Midsize,4dr SUV,28,20,1385,24360
2324,Chevrolet,Captiva Sport,2014,flex-fuel (unleaded/E85),180.0,4.0,AUTOMATIC,front wheel drive,4.0,"Crossover,Flex Fuel",Midsize,4dr SUV,28,20,1385,25975
2325,Chevrolet,Captiva Sport,2014,flex-fuel (unleaded/E85),180.0,4.0,AUTOMATIC,front wheel drive,4.0,"Crossover,Flex Fuel",Midsize,4dr SUV,28,20,1385,29495
2326,Chevrolet,Captiva Sport,2015,flex-fuel (unleaded/E85),180.0,4.0,AUTOMATIC,front wheel drive,4.0,"Crossover,Flex Fuel",Midsize,4dr SUV,28,20,1385,25985
2327,Chevrolet,Captiva Sport,2015,flex-fuel (unleaded/E85),180.0,4.0,AUTOMATIC,front wheel drive,4.0,"Crossover,Flex Fuel",Midsize,4dr SUV,28,20,1385,29505
2328,Chevrolet,Captiva Sport,2015,flex-fuel (unleaded/E85),180.0,4.0,AUTOMATIC,front wheel drive,4.0,"Crossover,Flex Fuel",Midsize,4dr SUV,28,20,1385,25155
2329,Chevrolet,Captiva Sport,2015,flex-fuel (unleaded/E85),180.0,4.0,AUTOMATIC,front wheel drive,4.0,"Crossover,Flex Fuel",Midsize,4dr SUV,28,20,1385,24370
2886,Bentley,Continental Supersports Convertible,2011,flex-fuel (premium unleaded required/E85),621.0,12.0,AUTOMATIC,all wheel drive,2.0,"Exotic,Flex Fuel,Factory Tuner,Luxury,High-Performance",Midsize,Convertible,19,12,520,280400
2887,Bentley,Continental Supersports Convertible,2012,flex-fuel (premium unleaded required/E85),621.0,12.0,AUTOMATIC,all wheel drive,2.0,"Exotic,Flex Fuel,Factory Tuner,Luxury,High-Performance",Midsize,Convertible,19,12,520,280400
2888,Bentley,Continental Supersports,2010,flex-fuel (premium unleaded required/E85),621.0,12.0,AUTOMATIC,all wheel drive,2.0,"Exotic,Flex Fuel,Factory Tuner,Luxury,High-Performance",Midsize,Coupe,19,12,520,267000
2889,Bentley,Continental Supersports,2011,flex-fuel (premium unleaded required/E85),621.0,12.0,AUTOMATIC,all wheel drive,2.0,"Exotic,Flex Fuel,Factory Tuner,Luxury,High-Performance",Midsize,Coupe,19,12,520,267000
2890,Bentley,Continental Supersports,2012,flex-fuel (premium unleaded required/E85),621.0,12.0,AUTOMATIC,all wheel drive,2.0,"Exotic,Flex Fuel,Factory Tuner,Luxury,High-Performance",Midsize,Coupe,19,12,520,267000
3581,Land Rover,Discovery Sport,2015,premium unleaded (recommended),240.0,4.0,AUTOMATIC,all wheel drive,4.0,"Crossover,Luxury",Midsize,4dr SUV,26,20,258,37070
3582,Land Rover,Discovery Sport,2015,premium unleaded (recommended),240.0,4.0,AUTOMATIC,all wheel drive,4.0,"Crossover,Luxury",Midsize,4dr SUV,26,20,258,45570
3583,Land Rover,Discovery Sport,2015,premium unleaded (recommended),240.0,4.0,AUTOMATIC,all wheel drive,4.0,"Crossover,Luxury",Midsize,4dr SUV,26,20,258,41570
3584,Land Rover,Discovery Sport,2016,premium unleaded (recommended),240.0,4.0,AUTOMATIC,all wheel drive,4.0,"Crossover,Luxury",Midsize,4dr SUV,26,20,258,41955
3585,Land Rover,Discovery Sport,2016,premium unleaded (recommended),240.0,4.0,AUTOMATIC,all wheel drive,4.0,"Crossover,Luxury",Midsize,4dr SUV,26,20,258,45955
3586,Land Rover,Discovery Sport,2016,premium unleaded (recommended),240.0,4.0,AUTOMATIC,all wheel drive,4.0,"Crossover,Luxury",Midsize,4dr SUV,26,20,258,37455
3587,Land Rover,Discovery Sport,2017,premium unleaded (recommended),240.0,4.0,AUTOMATIC,all wheel drive,4.0,"Crossover,Luxury",Midsize,4dr SUV,25,20,258,46595
3588,Land Rover,Discovery Sport,2017,premium unleaded (recommended),240.0,4.0,AUTOMATIC,all wheel drive,4.0,"Crossover,Luxury",Midsize,4dr SUV,25,20,258,42195
3589,Land Rover,Discovery Sport,2017,premium unleaded (recommended),240.0,4.0,AUTOMATIC,all wheel drive,4.0,"Crossover,Luxury",Midsize,4dr SUV,25,20,258,37695
4346,Ford,Explorer Sport Trac,2008,regular unleaded,292.0,8.0,AUTOMATIC,all wheel drive,4.0,,Compact,Crew Cab Pickup,19,13,5657,31320
4347,Ford,Explorer Sport Trac,2008,regular unleaded,292.0,8.0,AUTOMATIC,four wheel drive,4.0,,Compact,Crew Cab Pickup,19,13,5657,31320
4348,Ford,Explorer Sport Trac,2008,regular unleaded,210.0,6.0,AUTOMATIC,all wheel drive,4.0,,Compact,Crew Cab Pickup,19,13,5657,30015
4349,Ford,Explorer Sport Trac,2008,regular unleaded,210.0,6.0,AUTOMATIC,four wheel drive,4.0,,Compact,Crew Cab Pickup,19,13,5657,27925
4350,Ford,Explorer Sport Trac,2008,regular unleaded,210.0,6.0,AUTOMATIC,rear wheel drive,4.0,,Compact,Crew Cab Pickup,20,14,5657,25400
4351,Ford,Explorer Sport Trac,2008,regular unleaded,292.0,8.0,AUTOMATIC,rear wheel drive,4.0,,Compact,Crew Cab Pickup,20,13,5657,28800
4352,Ford,Explorer Sport Trac,2008,regular unleaded,210.0,6.0,AUTOMATIC,four wheel drive,4.0,,Compact,Crew Cab Pickup,19,13,5657,30015
4353,Ford,Explorer Sport Trac,2008,regular unleaded,292.0,8.0,AUTOMATIC,rear wheel drive,4.0,,Compact,Crew Cab Pickup,20,13,5657,26710
4354,Ford,Explorer Sport Trac,2008,regular unleaded,210.0,6.0,AUTOMATIC,rear wheel drive,4.0,,Compact,Crew Cab Pickup,20,14,5657,27490
4355,Ford,Explorer Sport Trac,2008,regular unleaded,292.0,8.0,AUTOMATIC,four wheel drive,4.0,,Compact,Crew Cab Pickup,19,13,5657,29235
4356,Ford,Explorer Sport Trac,2009,regular unleaded,292.0,8.0,AUTOMATIC,rear wheel drive,4.0,"Crossover,Performance",Compact,Crew Cab Pickup,21,15,5657,31145
4357,Ford,Explorer Sport Trac,2009,regular unleaded,210.0,6.0,AUTOMATIC,rear wheel drive,4.0,Crossover,Compact,Crew Cab Pickup,20,14,5657,29835
4358,Ford,Explorer Sport Trac,2009,regular unleaded,210.0,6.0,AUTOMATIC,four wheel drive,4.0,Crossover,Compact,Crew Cab Pickup,19,13,5657,28510
4359,Ford,Explorer Sport Trac,2009,regular unleaded,292.0,8.0,AUTOMATIC,four wheel drive,4.0,Crossover,Compact,Crew Cab Pickup,19,14,5657,33670
4360,Ford,Explorer Sport Trac,2009,regular unleaded,292.0,8.0,AUTOMATIC,all wheel drive,4.0,"Crossover,Performance",Compact,Crew Cab Pickup,19,14,5657,33670
4361,Ford,Explorer Sport Trac,2009,regular unleaded,210.0,6.0,AUTOMATIC,rear wheel drive,4.0,Crossover,Compact,Crew Cab Pickup,20,14,5657,29835
4362,Ford,Explorer Sport Trac,2009,regular unleaded,292.0,8.0,AUTOMATIC,four wheel drive,4.0,Crossover,Compact,Crew Cab Pickup,19,14,5657,29820
4363,Ford,Explorer Sport Trac,2009,regular unleaded,292.0,8.0,AUTOMATIC,rear wheel drive,4.0,Crossover,Compact,Crew Cab Pickup,21,15,5657,31145
4364,Ford,Explorer Sport Trac,2009,regular unleaded,292.0,8.0,AUTOMATIC,rear wheel drive,4.0,Crossover,Compact,Crew Cab Pickup,21,15,5657,27295
4365,Ford,Explorer Sport Trac,2009,regular unleaded,210.0,6.0,AUTOMATIC,four wheel drive,4.0,Crossover,Compact,Crew Cab Pickup,19,13,5657,32360
4366,Ford,Explorer Sport Trac,2009,regular unleaded,210.0,6.0,AUTOMATIC,rear wheel drive,4.0,Crossover,Compact,Crew Cab Pickup,20,14,5657,25985
4367,Ford,Explorer Sport Trac,2009,regular unleaded,210.0,6.0,AUTOMATIC,all wheel drive,4.0,Crossover,Compact,Crew Cab Pickup,19,13,5657,32360
4368,Ford,Explorer Sport Trac,2010,regular unleaded,210.0,6.0,AUTOMATIC,rear wheel drive,4.0,Crossover,Compact,Crew Cab Pickup,20,14,5657,33065
4369,Ford,Explorer Sport Trac,2010,regular unleaded,210.0,6.0,AUTOMATIC,four wheel drive,4.0,Crossover,Compact,Crew Cab Pickup,19,13,5657,35590
4370,Ford,Explorer Sport Trac,2010,regular unleaded,210.0,6.0,AUTOMATIC,rear wheel drive,4.0,Crossover,Compact,Crew Cab Pickup,20,14,5657,28210
4371,Ford,Explorer Sport Trac,2010,regular unleaded,210.0,6.0,AUTOMATIC,all wheel drive,4.0,Crossover,Compact,Crew Cab Pickup,19,13,5657,35590
4372,Ford,Explorer Sport Trac,2010,regular unleaded,210.0,6.0,AUTOMATIC,four wheel drive,4.0,Crossover,Compact,Crew Cab Pickup,19,13,5657,30735
4373,Ford,Explorer Sport,2001,regular unleaded,203.0,6.0,MANUAL,four wheel drive,2.0,,Midsize,2dr SUV,18,14,5657,24055
4374,Ford,Explorer Sport,2001,regular unleaded,203.0,6.0,MANUAL,rear wheel drive,2.0,,Midsize,2dr SUV,20,16,5657,21035
4375,Ford,Explorer Sport,2002,regular unleaded,203.0,6.0,AUTOMATIC,rear wheel drive,2.0,,Midsize,2dr SUV,20,15,5657,24615
4376,Ford,Explorer Sport,2002,regular unleaded,203.0,6.0,MANUAL,four wheel drive,2.0,,Midsize,2dr SUV,18,14,5657,24240
4377,Ford,Explorer Sport,2002,regular unleaded,203.0,6.0,MANUAL,rear wheel drive,2.0,,Midsize,2dr SUV,20,16,5657,21220
4378,Ford,Explorer Sport,2002,regular unleaded,203.0,6.0,AUTOMATIC,four wheel drive,2.0,,Midsize,2dr SUV,18,13,5657,26075
4379,Ford,Explorer Sport,2002,regular unleaded,203.0,6.0,AUTOMATIC,rear wheel drive,2.0,,Midsize,2dr SUV,20,15,5657,22265
4380,Ford,Explorer Sport,2002,regular unleaded,203.0,6.0,AUTOMATIC,rear wheel drive,2.0,,Midsize,2dr SUV,20,15,5657,23055
4381,Ford,Explorer Sport,2002,regular unleaded,203.0,6.0,AUTOMATIC,four wheel drive,2.0,,Midsize,2dr SUV,18,13,5657,27780
4382,Ford,Explorer Sport,2002,regular unleaded,203.0,6.0,AUTOMATIC,four wheel drive,2.0,,Midsize,2dr SUV,18,13,5657,25285
4383,Ford,Explorer Sport,2003,regular unleaded,203.0,6.0,AUTOMATIC,rear wheel drive,2.0,,Midsize,2dr SUV,19,14,5657,23835
4384,Ford,Explorer Sport,2003,regular unleaded,203.0,6.0,AUTOMATIC,four wheel drive,2.0,,Midsize,2dr SUV,18,14,5657,25565
4385,Ford,Explorer Sport,2003,regular unleaded,203.0,6.0,AUTOMATIC,rear wheel drive,2.0,,Midsize,2dr SUV,19,14,5657,22545
4386,Ford,Explorer Sport,2003,regular unleaded,203.0,6.0,AUTOMATIC,rear wheel drive,2.0,,Midsize,2dr SUV,19,14,5657,25595
4387,Ford,Explorer Sport,2003,regular unleaded,203.0,6.0,AUTOMATIC,four wheel drive,2.0,,Midsize,2dr SUV,18,14,5657,28760
4388,Ford,Explorer Sport,2003,regular unleaded,203.0,6.0,MANUAL,four wheel drive,2.0,,Midsize,2dr SUV,17,14,5657,24890
4389,Ford,Explorer Sport,2003,regular unleaded,203.0,6.0,AUTOMATIC,four wheel drive,2.0,,Midsize,2dr SUV,18,14,5657,26915
4390,Ford,Explorer Sport,2003,regular unleaded,203.0,6.0,MANUAL,rear wheel drive,2.0,,Midsize,2dr SUV,20,15,5657,21870
5424,Volkswagen,Golf SportWagen,2015,diesel,150.0,4.0,AUTOMATED_MANUAL,front wheel drive,4.0,Diesel,Compact,Wagon,42,31,873,31445
5425,Volkswagen,Golf SportWagen,2015,regular unleaded,170.0,4.0,AUTOMATIC,front wheel drive,4.0,,Compact,Wagon,35,25,873,22495
5426,Volkswagen,Golf SportWagen,2015,diesel,150.0,4.0,MANUAL,front wheel drive,4.0,Diesel,Compact,Wagon,43,31,873,27995
5427,Volkswagen,Golf SportWagen,2015,regular unleaded,170.0,4.0,MANUAL,front wheel drive,4.0,,Compact,Wagon,36,25,873,21395
5428,Volkswagen,Golf SportWagen,2015,regular unleaded,170.0,4.0,AUTOMATIC,front wheel drive,4.0,,Compact,Wagon,35,25,873,29345
5429,Volkswagen,Golf SportWagen,2015,regular unleaded,170.0,4.0,AUTOMATIC,front wheel drive,4.0,,Compact,Wagon,36,25,873,26995
5430,Volkswagen,Golf SportWagen,2015,diesel,150.0,4.0,MANUAL,front wheel drive,4.0,Diesel,Compact,Wagon,43,31,873,30345
5431,Volkswagen,Golf SportWagen,2015,diesel,150.0,4.0,MANUAL,front wheel drive,4.0,Diesel,Compact,Wagon,43,31,873,24595
5432,Volkswagen,Golf SportWagen,2015,diesel,150.0,4.0,AUTOMATED_MANUAL,front wheel drive,4.0,Diesel,Compact,Wagon,42,31,873,25695
5433,Volkswagen,Golf SportWagen,2015,diesel,150.0,4.0,AUTOMATED_MANUAL,front wheel drive,4.0,Diesel,Compact,Wagon,42,31,873,29095
5434,Volkswagen,Golf SportWagen,2016,regular unleaded,170.0,4.0,AUTOMATIC,front wheel drive,4.0,,Compact,Wagon,35,25,873,24995
5435,Volkswagen,Golf SportWagen,2016,regular unleaded,170.0,4.0,AUTOMATIC,front wheel drive,4.0,,Compact,Wagon,35,25,873,27025
5436,Volkswagen,Golf SportWagen,2016,regular unleaded,170.0,4.0,AUTOMATIC,front wheel drive,4.0,,Compact,Wagon,35,25,873,29385
5437,Volkswagen,Golf SportWagen,2016,regular unleaded,170.0,4.0,AUTOMATIC,front wheel drive,4.0,,Compact,Wagon,35,25,873,22725
5438,Volkswagen,Golf SportWagen,2016,regular unleaded,170.0,4.0,MANUAL,front wheel drive,4.0,,Compact,Wagon,36,25,873,21625
5439,Volkswagen,Golf SportWagen,2017,regular unleaded,170.0,4.0,AUTOMATIC,front wheel drive,4.0,,Compact,Wagon,34,25,873,22680
5440,Volkswagen,Golf SportWagen,2017,regular unleaded,170.0,4.0,AUTOMATIC,front wheel drive,4.0,,Compact,Wagon,34,25,873,27030
5441,Volkswagen,Golf SportWagen,2017,regular unleaded,170.0,4.0,MANUAL,front wheel drive,4.0,,Compact,Wagon,35,25,873,21580
5442,Volkswagen,Golf SportWagen,2017,regular unleaded,170.0,4.0,AUTOMATIC,front wheel drive,4.0,,Compact,Wagon,34,25,873,29970
5539,Maserati,GranSport,2005,premium unleaded (required),395.0,8.0,AUTOMATED_MANUAL,rear wheel drive,2.0,"Exotic,Factory Tuner,Luxury,High-Performance",Compact,Coupe,16,11,238,98172
5540,Maserati,GranSport,2006,premium unleaded (required),401.0,8.0,AUTOMATIC,rear wheel drive,2.0,"Exotic,Factory Tuner,Luxury,High-Performance",Compact,Coupe,18,11,238,98872
5541,Maserati,GranSport,2006,premium unleaded (required),401.0,8.0,AUTOMATIC,rear wheel drive,2.0,"Exotic,Factory Tuner,Luxury,High-Performance",Compact,Coupe,18,11,238,104122
5542,Maserati,GranSport,2006,premium unleaded (required),401.0,8.0,AUTOMATIC,rear wheel drive,2.0,"Exotic,Factory Tuner,Luxury,High-Performance",Compact,Convertible,18,11,238,99900
6052,Volkswagen,Jetta SportWagen,2012,regular unleaded,170.0,5.0,AUTOMATIC,front wheel drive,4.0,,Compact,Wagon,31,24,873,24210
6053,Volkswagen,Jetta SportWagen,2012,regular unleaded,170.0,5.0,AUTOMATIC,front wheel drive,4.0,,Compact,Wagon,31,24,873,21295
6054,Volkswagen,Jetta SportWagen,2012,diesel,140.0,4.0,MANUAL,front wheel drive,4.0,Diesel,Compact,Wagon,42,30,873,28120
6055,Volkswagen,Jetta SportWagen,2012,regular unleaded,170.0,5.0,AUTOMATIC,front wheel drive,4.0,,Compact,Wagon,31,24,873,24210
6056,Volkswagen,Jetta SportWagen,2012,regular unleaded,170.0,5.0,AUTOMATIC,front wheel drive,4.0,,Compact,Wagon,31,24,873,21295
6057,Volkswagen,Jetta SportWagen,2012,regular unleaded,170.0,5.0,MANUAL,front wheel drive,4.0,,Compact,Wagon,33,23,873,20195
6058,Volkswagen,Jetta SportWagen,2012,regular unleaded,170.0,5.0,MANUAL,front wheel drive,4.0,,Compact,Wagon,33,23,873,20195
6059,Volkswagen,Jetta SportWagen,2012,diesel,140.0,4.0,AUTOMATED_MANUAL,front wheel drive,4.0,Diesel,Compact,Wagon,39,29,873,28390
6060,Volkswagen,Jetta SportWagen,2012,diesel,140.0,4.0,AUTOMATED_MANUAL,front wheel drive,4.0,Diesel,Compact,Wagon,39,29,873,29220
6061,Volkswagen,Jetta SportWagen,2012,regular unleaded,170.0,5.0,AUTOMATIC,front wheel drive,4.0,,Compact,Wagon,31,24,873,25960
6062,Volkswagen,Jetta SportWagen,2012,diesel,140.0,4.0,AUTOMATED_MANUAL,front wheel drive,4.0,Diesel,Compact,Wagon,39,29,873,26640
6063,Volkswagen,Jetta SportWagen,2012,regular unleaded,170.0,5.0,AUTOMATIC,front wheel drive,4.0,,Compact,Wagon,31,24,873,25960
6064,Volkswagen,Jetta SportWagen,2012,diesel,140.0,4.0,MANUAL,front wheel drive,4.0,Diesel,Compact,Wagon,42,30,873,25540
6065,Volkswagen,Jetta SportWagen,2012,diesel,140.0,4.0,MANUAL,front wheel drive,4.0,Diesel,Compact,Wagon,42,30,873,27290
6066,Volkswagen,Jetta SportWagen,2013,regular unleaded,170.0,5.0,AUTOMATIC,front wheel drive,4.0,,Compact,Wagon,31,24,873,21695
6067,Volkswagen,Jetta SportWagen,2013,regular unleaded,170.0,5.0,AUTOMATIC,front wheel drive,4.0,,Compact,Wagon,31,24,873,21695
6068,Volkswagen,Jetta SportWagen,2013,diesel,140.0,4.0,AUTOMATED_MANUAL,front wheel drive,4.0,Diesel,Compact,Wagon,39,29,873,29495
6069,Volkswagen,Jetta SportWagen,2013,regular unleaded,170.0,5.0,MANUAL,front wheel drive,4.0,,Compact,Wagon,33,23,873,20595
6070,Volkswagen,Jetta SportWagen,2013,diesel,140.0,4.0,MANUAL,front wheel drive,4.0,Diesel,Compact,Wagon,42,30,873,28395
6071,Volkswagen,Jetta SportWagen,2013,diesel,140.0,4.0,AUTOMATED_MANUAL,front wheel drive,4.0,Diesel,Compact,Wagon,39,29,873,26895
6072,Volkswagen,Jetta SportWagen,2013,regular unleaded,170.0,5.0,MANUAL,front wheel drive,4.0,,Compact,Wagon,33,23,873,20595
6073,Volkswagen,Jetta SportWagen,2013,diesel,140.0,4.0,AUTOMATED_MANUAL,front wheel drive,4.0,Diesel,Compact,Wagon,39,29,873,28695
6074,Volkswagen,Jetta SportWagen,2013,regular unleaded,170.0,5.0,AUTOMATIC,front wheel drive,4.0,,Compact,Wagon,31,24,873,24395
6075,Volkswagen,Jetta SportWagen,2013,regular unleaded,170.0,5.0,AUTOMATIC,front wheel drive,4.0,,Compact,Wagon,31,24,873,26195
6076,Volkswagen,Jetta SportWagen,2013,regular unleaded,170.0,5.0,AUTOMATIC,front wheel drive,4.0,,Compact,Wagon,31,24,873,26195
6077,Volkswagen,Jetta SportWagen,2013,regular unleaded,170.0,5.0,AUTOMATIC,front wheel drive,4.0,,Compact,Wagon,31,24,873,24395
6078,Volkswagen,Jetta SportWagen,2013,diesel,140.0,4.0,MANUAL,front wheel drive,4.0,Diesel,Compact,Wagon,42,30,873,27595
6079,Volkswagen,Jetta SportWagen,2013,diesel,140.0,4.0,MANUAL,front wheel drive,4.0,Diesel,Compact,Wagon,42,30,873,25795
6080,Volkswagen,Jetta SportWagen,2014,regular unleaded,170.0,5.0,MANUAL,front wheel drive,4.0,,Compact,Wagon,33,23,873,20995
6081,Volkswagen,Jetta SportWagen,2014,diesel,140.0,4.0,AUTOMATED_MANUAL,front wheel drive,4.0,Diesel,Compact,Wagon,39,29,873,27665
6082,Volkswagen,Jetta SportWagen,2014,diesel,140.0,4.0,AUTOMATED_MANUAL,front wheel drive,4.0,Diesel,Compact,Wagon,39,29,873,30265
6083,Volkswagen,Jetta SportWagen,2014,diesel,140.0,4.0,MANUAL,front wheel drive,4.0,Diesel,Compact,Wagon,42,30,873,29165
6084,Volkswagen,Jetta SportWagen,2014,regular unleaded,170.0,5.0,AUTOMATIC,front wheel drive,4.0,,Compact,Wagon,30,23,873,26685
6085,Volkswagen,Jetta SportWagen,2014,regular unleaded,170.0,5.0,AUTOMATIC,front wheel drive,4.0,,Compact,Wagon,30,23,873,24885
6086,Volkswagen,Jetta SportWagen,2014,regular unleaded,170.0,5.0,AUTOMATIC,front wheel drive,4.0,,Compact,Wagon,30,23,873,22095
6087,Volkswagen,Jetta SportWagen,2014,regular unleaded,170.0,5.0,AUTOMATIC,front wheel drive,4.0,,Compact,Wagon,30,23,873,26685
6088,Volkswagen,Jetta SportWagen,2014,regular unleaded,170.0,5.0,MANUAL,front wheel drive,4.0,,Compact,Wagon,33,23,873,20995
6089,Volkswagen,Jetta SportWagen,2014,diesel,140.0,4.0,MANUAL,front wheel drive,4.0,Diesel,Compact,Wagon,42,30,873,26565
6090,Volkswagen,Jetta SportWagen,2014,regular unleaded,170.0,5.0,AUTOMATIC,front wheel drive,4.0,,Compact,Wagon,30,23,873,24885
6091,Volkswagen,Jetta SportWagen,2014,regular unleaded,170.0,5.0,AUTOMATIC,front wheel drive,4.0,,Compact,Wagon,30,23,873,22095
6092,Volkswagen,Jetta SportWagen,2014,diesel,140.0,4.0,AUTOMATED_MANUAL,front wheel drive,4.0,Diesel,Compact,Wagon,39,29,873,29465
6093,Volkswagen,Jetta SportWagen,2014,diesel,140.0,4.0,MANUAL,front wheel drive,4.0,Diesel,Compact,Wagon,42,30,873,28365
6323,Mitsubishi,Lancer Sportback,2012,regular unleaded,168.0,4.0,AUTOMATIC,front wheel drive,4.0,Hatchback,Compact,4dr Hatchback,29,22,436,21345
6324,Mitsubishi,Lancer Sportback,2012,regular unleaded,148.0,4.0,AUTOMATIC,front wheel drive,4.0,Hatchback,Compact,4dr Hatchback,32,24,436,18395
6325,Mitsubishi,Lancer Sportback,2013,regular unleaded,148.0,4.0,AUTOMATIC,front wheel drive,4.0,Hatchback,Compact,4dr Hatchback,32,24,436,18495
6326,Mitsubishi,Lancer Sportback,2013,regular unleaded,168.0,4.0,AUTOMATIC,front wheel drive,4.0,Hatchback,Compact,4dr Hatchback,29,22,436,21495
6327,Mitsubishi,Lancer Sportback,2014,regular unleaded,168.0,4.0,AUTOMATIC,front wheel drive,4.0,Hatchback,Compact,4dr Hatchback,29,22,436,21945
6328,Mitsubishi,Lancer Sportback,2014,regular unleaded,148.0,4.0,AUTOMATIC,front wheel drive,4.0,Hatchback,Compact,4dr Hatchback,32,24,436,18595
6975,Mitsubishi,Montero Sport,2002,regular unleaded,197.0,6.0,AUTOMATIC,rear wheel drive,4.0,,Midsize,4dr SUV,20,15,436,27607
6976,Mitsubishi,Montero Sport,2002,regular unleaded,165.0,6.0,AUTOMATIC,four wheel drive,4.0,,Midsize,4dr SUV,19,15,436,27777
6977,Mitsubishi,Montero Sport,2002,regular unleaded,197.0,6.0,AUTOMATIC,four wheel drive,4.0,,Midsize,4dr SUV,17,14,436,29627
6978,Mitsubishi,Montero Sport,2002,regular unleaded,165.0,6.0,AUTOMATIC,rear wheel drive,4.0,,Midsize,4dr SUV,21,16,436,22777
6979,Mitsubishi,Montero Sport,2002,regular unleaded,197.0,6.0,AUTOMATIC,four wheel drive,4.0,,Midsize,4dr SUV,17,14,436,32887
6980,Mitsubishi,Montero Sport,2002,regular unleaded,197.0,6.0,AUTOMATIC,rear wheel drive,4.0,,Midsize,4dr SUV,20,15,436,31317
6981,Mitsubishi,Montero Sport,2002,regular unleaded,165.0,6.0,AUTOMATIC,four wheel drive,4.0,,Midsize,4dr SUV,19,15,436,25087
6982,Mitsubishi,Montero Sport,2002,regular unleaded,165.0,6.0,AUTOMATIC,rear wheel drive,4.0,,Midsize,4dr SUV,21,16,436,25637
6983,Mitsubishi,Montero Sport,2003,regular unleaded,165.0,6.0,AUTOMATIC,four wheel drive,4.0,,Midsize,4dr SUV,19,15,436,27777
6984,Mitsubishi,Montero Sport,2003,regular unleaded,165.0,6.0,AUTOMATIC,four wheel drive,4.0,,Midsize,4dr SUV,19,15,436,25217
6985,Mitsubishi,Montero Sport,2003,regular unleaded,197.0,6.0,AUTOMATIC,rear wheel drive,4.0,,Midsize,4dr SUV,20,15,436,27607
6986,Mitsubishi,Montero Sport,2003,regular unleaded,165.0,6.0,AUTOMATIC,rear wheel drive,4.0,,Midsize,4dr SUV,21,16,436,22907
6987,Mitsubishi,Montero Sport,2003,regular unleaded,197.0,6.0,AUTOMATIC,four wheel drive,4.0,,Midsize,4dr SUV,17,14,436,32887
6988,Mitsubishi,Montero Sport,2003,regular unleaded,197.0,6.0,AUTOMATIC,four wheel drive,4.0,,Midsize,4dr SUV,17,14,436,29627
6989,Mitsubishi,Montero Sport,2003,regular unleaded,165.0,6.0,AUTOMATIC,rear wheel drive,4.0,,Midsize,4dr SUV,21,16,436,25637
6990,Mitsubishi,Montero Sport,2003,regular unleaded,197.0,6.0,AUTOMATIC,rear wheel drive,4.0,,Midsize,4dr SUV,20,15,436,31317
6991,Mitsubishi,Montero Sport,2004,regular unleaded,197.0,6.0,AUTOMATIC,rear wheel drive,4.0,,Midsize,4dr SUV,19,15,436,26199
6992,Mitsubishi,Montero Sport,2004,regular unleaded,197.0,6.0,AUTOMATIC,four wheel drive,4.0,,Midsize,4dr SUV,17,14,436,25999
6993,Mitsubishi,Montero Sport,2004,regular unleaded,197.0,6.0,AUTOMATIC,four wheel drive,4.0,,Midsize,4dr SUV,17,14,436,28199
6994,Mitsubishi,Montero Sport,2004,regular unleaded,197.0,6.0,AUTOMATIC,rear wheel drive,4.0,,Midsize,4dr SUV,19,15,436,23999
7352,Mitsubishi,Outlander Sport,2015,regular unleaded,148.0,4.0,AUTOMATIC,four wheel drive,4.0,Crossover,Compact,4dr SUV,30,24,436,22195
7353,Mitsubishi,Outlander Sport,2015,regular unleaded,168.0,4.0,AUTOMATIC,front wheel drive,4.0,Crossover,Compact,4dr SUV,28,23,436,21295
7354,Mitsubishi,Outlander Sport,2015,regular unleaded,168.0,4.0,AUTOMATIC,four wheel drive,4.0,Crossover,Compact,4dr SUV,26,23,436,22695
7355,Mitsubishi,Outlander Sport,2015,regular unleaded,168.0,4.0,AUTOMATIC,four wheel drive,4.0,Crossover,Compact,4dr SUV,26,23,436,24995
7356,Mitsubishi,Outlander Sport,2015,regular unleaded,148.0,4.0,AUTOMATIC,front wheel drive,4.0,Crossover,Compact,4dr SUV,32,25,436,22795
7357,Mitsubishi,Outlander Sport,2015,regular unleaded,148.0,4.0,AUTOMATIC,four wheel drive,4.0,Crossover,Compact,4dr SUV,30,24,436,24195
7358,Mitsubishi,Outlander Sport,2015,regular unleaded,148.0,4.0,MANUAL,front wheel drive,4.0,Crossover,Compact,4dr SUV,30,24,436,19595
7359,Mitsubishi,Outlander Sport,2015,regular unleaded,148.0,4.0,AUTOMATIC,front wheel drive,4.0,Crossover,Compact,4dr SUV,32,25,436,20795
7360,Mitsubishi,Outlander Sport,2015,regular unleaded,168.0,4.0,AUTOMATIC,front wheel drive,4.0,Crossover,Compact,4dr SUV,28,23,436,23595
7361,Mitsubishi,Outlander Sport,2016,regular unleaded,168.0,4.0,AUTOMATIC,front wheel drive,4.0,Crossover,Compact,4dr SUV,28,23,436,23995
7362,Mitsubishi,Outlander Sport,2016,regular unleaded,148.0,4.0,AUTOMATIC,four wheel drive,4.0,Crossover,Compact,4dr SUV,29,23,436,22195
7363,Mitsubishi,Outlander Sport,2016,regular unleaded,168.0,4.0,AUTOMATIC,four wheel drive,4.0,Crossover,Compact,4dr SUV,27,22,436,22695
7364,Mitsubishi,Outlander Sport,2016,regular unleaded,168.0,4.0,AUTOMATIC,four wheel drive,4.0,Crossover,Compact,4dr SUV,27,22,436,25395
7365,Mitsubishi,Outlander Sport,2016,regular unleaded,168.0,4.0,AUTOMATIC,four wheel drive,4.0,Crossover,Compact,4dr SUV,27,22,436,23895
7366,Mitsubishi,Outlander Sport,2016,regular unleaded,168.0,4.0,AUTOMATIC,front wheel drive,4.0,Crossover,Compact,4dr SUV,28,23,436,22495
7367,Mitsubishi,Outlander Sport,2016,regular unleaded,168.0,4.0,AUTOMATIC,front wheel drive,4.0,Crossover,Compact,4dr SUV,28,23,436,21295
7368,Mitsubishi,Outlander Sport,2016,regular unleaded,148.0,4.0,AUTOMATIC,front wheel drive,4.0,Crossover,Compact,4dr SUV,31,24,436,20795
7369,Mitsubishi,Outlander Sport,2016,regular unleaded,148.0,4.0,MANUAL,front wheel drive,4.0,Crossover,Compact,4dr SUV,29,23,436,19595
7370,Mitsubishi,Outlander Sport,2016,regular unleaded,168.0,4.0,AUTOMATIC,four wheel drive,4.0,Crossover,Compact,4dr SUV,27,22,436,27395
7371,Mitsubishi,Outlander Sport,2016,regular unleaded,168.0,4.0,AUTOMATIC,front wheel drive,4.0,Crossover,Compact,4dr SUV,28,23,436,25995
7372,Mitsubishi,Outlander Sport,2017,regular unleaded,168.0,4.0,AUTOMATIC,four wheel drive,4.0,Crossover,Compact,4dr SUV,27,22,436,24195
7373,Mitsubishi,Outlander Sport,2017,regular unleaded,148.0,4.0,AUTOMATIC,four wheel drive,4.0,Crossover,Compact,4dr SUV,29,23,436,22495
7374,Mitsubishi,Outlander Sport,2017,regular unleaded,168.0,4.0,AUTOMATIC,four wheel drive,4.0,Crossover,Compact,4dr SUV,27,22,436,25695
7375,Mitsubishi,Outlander Sport,2017,regular unleaded,148.0,4.0,AUTOMATIC,front wheel drive,4.0,Crossover,Compact,4dr SUV,30,24,436,20995
7376,Mitsubishi,Outlander Sport,2017,regular unleaded,168.0,4.0,AUTOMATIC,four wheel drive,4.0,Crossover,Compact,4dr SUV,27,22,436,27695
7377,Mitsubishi,Outlander Sport,2017,regular unleaded,168.0,4.0,AUTOMATIC,front wheel drive,4.0,Crossover,Compact,4dr SUV,28,23,436,24195
7378,Mitsubishi,Outlander Sport,2017,regular unleaded,168.0,4.0,AUTOMATIC,front wheel drive,4.0,Crossover,Compact,4dr SUV,28,23,436,22695
7379,Mitsubishi,Outlander Sport,2017,regular unleaded,148.0,4.0,MANUAL,front wheel drive,4.0,Crossover,Compact,4dr SUV,29,23,436,19795
7494,Honda,Passport,2000,regular unleaded,205.0,6.0,MANUAL,rear wheel drive,4.0,,Midsize,4dr SUV,18,15,2202,2452
7495,Honda,Passport,2000,regular unleaded,205.0,6.0,AUTOMATIC,four wheel drive,4.0,,Midsize,4dr SUV,19,14,2202,2879
7496,Honda,Passport,2000,regular unleaded,205.0,6.0,AUTOMATIC,rear wheel drive,4.0,,Midsize,4dr SUV,19,15,2202,2715
7497,Honda,Passport,2000,regular unleaded,205.0,6.0,MANUAL,four wheel drive,4.0,,Midsize,4dr SUV,18,15,2202,2668
7498,Honda,Passport,2001,regular unleaded,205.0,6.0,AUTOMATIC,four wheel drive,4.0,,Midsize,4dr SUV,19,15,2202,30500
7499,Honda,Passport,2001,regular unleaded,205.0,6.0,AUTOMATIC,four wheel drive,4.0,,Midsize,4dr SUV,19,15,2202,27300
7500,Honda,Passport,2001,regular unleaded,205.0,6.0,MANUAL,rear wheel drive,4.0,,Midsize,4dr SUV,19,15,2202,23000
7501,Honda,Passport,2001,regular unleaded,205.0,6.0,AUTOMATIC,rear wheel drive,4.0,,Midsize,4dr SUV,20,15,2202,24150
7502,Honda,Passport,2001,regular unleaded,205.0,6.0,AUTOMATIC,rear wheel drive,4.0,,Midsize,4dr SUV,20,15,2202,28050
7503,Honda,Passport,2001,regular unleaded,205.0,6.0,AUTOMATIC,rear wheel drive,4.0,,Midsize,4dr SUV,20,15,2202,26800
7504,Honda,Passport,2001,regular unleaded,205.0,6.0,AUTOMATIC,four wheel drive,4.0,,Midsize,4dr SUV,19,15,2202,29250
7505,Honda,Passport,2001,regular unleaded,205.0,6.0,MANUAL,four wheel drive,4.0,,Midsize,4dr SUV,19,15,2202,26150
7506,Honda,Passport,2002,regular unleaded,205.0,6.0,AUTOMATIC,four wheel drive,4.0,,Midsize,4dr SUV,19,15,2202,30900
7507,Honda,Passport,2002,regular unleaded,205.0,6.0,MANUAL,four wheel drive,4.0,,Midsize,4dr SUV,19,15,2202,26450
7508,Honda,Passport,2002,regular unleaded,205.0,6.0,AUTOMATIC,rear wheel drive,4.0,,Midsize,4dr SUV,20,15,2202,24450
7509,Honda,Passport,2002,regular unleaded,205.0,6.0,AUTOMATIC,rear wheel drive,4.0,,Midsize,4dr SUV,20,15,2202,28450
7510,Honda,Passport,2002,regular unleaded,205.0,6.0,MANUAL,rear wheel drive,4.0,,Midsize,4dr SUV,19,15,2202,23300
7511,Honda,Passport,2002,regular unleaded,205.0,6.0,AUTOMATIC,four wheel drive,4.0,,Midsize,4dr SUV,19,15,2202,29550
7512,Honda,Passport,2002,regular unleaded,205.0,6.0,AUTOMATIC,four wheel drive,4.0,,Midsize,4dr SUV,19,15,2202,27600
7513,Honda,Passport,2002,regular unleaded,205.0,6.0,AUTOMATIC,rear wheel drive,4.0,,Midsize,4dr SUV,20,15,2202,27100
8270,Land Rover,Range Rover Sport,2014,flex-fuel (premium unleaded required/E85),510.0,8.0,AUTOMATIC,four wheel drive,4.0,"Flex Fuel,Luxury,High-Performance",Midsize,4dr SUV,19,14,258,79100
8271,Land Rover,Range Rover Sport,2014,premium unleaded (required),340.0,6.0,AUTOMATIC,four wheel drive,4.0,"Luxury,Performance",Midsize,4dr SUV,23,17,258,67600
8272,Land Rover,Range Rover Sport,2014,flex-fuel (premium unleaded required/E85),340.0,6.0,AUTOMATIC,four wheel drive,4.0,"Flex Fuel,Luxury,Performance",Midsize,4dr SUV,23,17,258,62600
8273,Land Rover,Range Rover Sport,2014,flex-fuel (premium unleaded required/E85),510.0,8.0,AUTOMATIC,four wheel drive,4.0,"Flex Fuel,Luxury,High-Performance",Midsize,4dr SUV,19,14,258,92400
8274,Land Rover,Range Rover Sport,2014,premium unleaded (required),510.0,8.0,AUTOMATIC,four wheel drive,4.0,"Luxury,High-Performance",Midsize,4dr SUV,19,14,258,92400
8275,Land Rover,Range Rover Sport,2014,premium unleaded (required),510.0,8.0,AUTOMATIC,four wheel drive,4.0,"Luxury,High-Performance",Midsize,4dr SUV,19,14,258,79100
8276,Land Rover,Range Rover Sport,2014,flex-fuel (premium unleaded required/E85),340.0,6.0,AUTOMATIC,four wheel drive,4.0,"Flex Fuel,Luxury,Performance",Midsize,4dr SUV,23,17,258,67600
8277,Land Rover,Range Rover Sport,2014,premium unleaded (required),340.0,6.0,AUTOMATIC,four wheel drive,4.0,"Luxury,Performance",Midsize,4dr SUV,23,17,258,62600
8278,Land Rover,Range Rover Sport,2015,flex-fuel (premium unleaded required/E85),340.0,6.0,AUTOMATIC,four wheel drive,4.0,"Flex Fuel,Luxury,Performance",Midsize,4dr SUV,23,17,258,63350
8279,Land Rover,Range Rover Sport,2015,flex-fuel (premium unleaded required/E85),340.0,6.0,AUTOMATIC,four wheel drive,4.0,"Flex Fuel,Luxury,Performance",Midsize,4dr SUV,23,17,258,68295
8280,Land Rover,Range Rover Sport,2015,flex-fuel (premium unleaded required/E85),510.0,8.0,AUTOMATIC,four wheel drive,4.0,"Flex Fuel,Luxury,High-Performance",Midsize,4dr SUV,19,14,258,79995
8281,Land Rover,Range Rover Sport,2015,flex-fuel (premium unleaded required/E85),550.0,8.0,AUTOMATIC,four wheel drive,4.0,"Flex Fuel,Factory Tuner,Luxury,High-Performance",Midsize,4dr SUV,19,14,258,110475
8282,Land Rover,Range Rover Sport,2015,flex-fuel (premium unleaded required/E85),510.0,8.0,AUTOMATIC,four wheel drive,4.0,"Flex Fuel,Luxury,High-Performance",Midsize,4dr SUV,19,14,258,92495
8283,Land Rover,Range Rover Sport,2015,flex-fuel (premium unleaded required/E85),510.0,8.0,AUTOMATIC,four wheel drive,4.0,"Flex Fuel,Luxury,High-Performance",Midsize,4dr SUV,19,14,258,92495
8284,Land Rover,Range Rover Sport,2015,flex-fuel (premium unleaded required/E85),340.0,6.0,AUTOMATIC,four wheel drive,4.0,"Flex Fuel,Luxury,Performance",Midsize,4dr SUV,23,17,258,76875
8285,Land Rover,Range Rover Sport,2016,premium unleaded (recommended),510.0,8.0,AUTOMATIC,four wheel drive,4.0,"Luxury,High-Performance",Midsize,4dr SUV,19,14,258,93075
8286,Land Rover,Range Rover Sport,2016,premium unleaded (recommended),510.0,8.0,AUTOMATIC,four wheel drive,4.0,"Luxury,High-Performance",Midsize,4dr SUV,19,14,258,79950
8287,Land Rover,Range Rover Sport,2016,premium unleaded (recommended),510.0,8.0,AUTOMATIC,four wheel drive,4.0,"Luxury,High-Performance",Midsize,4dr SUV,19,14,258,93295
8288,Land Rover,Range Rover Sport,2016,premium unleaded (recommended),550.0,8.0,AUTOMATIC,four wheel drive,4.0,"Factory Tuner,Luxury,High-Performance",Midsize,4dr SUV,19,14,258,111350
8289,Land Rover,Range Rover Sport,2016,premium unleaded (recommended),340.0,6.0,AUTOMATIC,four wheel drive,4.0,"Luxury,Performance",Midsize,4dr SUV,23,17,258,64950
8290,Land Rover,Range Rover Sport,2016,diesel,254.0,6.0,AUTOMATIC,four wheel drive,4.0,"Diesel,Luxury",Midsize,4dr SUV,29,22,258,66450
8291,Land Rover,Range Rover Sport,2016,premium unleaded (recommended),340.0,6.0,AUTOMATIC,four wheel drive,4.0,"Luxury,Performance",Midsize,4dr SUV,23,17,258,69950
8292,Land Rover,Range Rover Sport,2016,diesel,254.0,6.0,AUTOMATIC,four wheel drive,4.0,"Diesel,Luxury",Midsize,4dr SUV,29,22,258,71450
8293,Land Rover,Range Rover Sport,2016,premium unleaded (recommended),510.0,8.0,AUTOMATIC,four wheel drive,4.0,"Luxury,High-Performance",Midsize,4dr SUV,19,14,258,82695
8969,Hyundai,Santa Fe Sport,2015,regular unleaded,264.0,4.0,AUTOMATIC,all wheel drive,4.0,Crossover,Midsize,4dr SUV,24,18,1439,33000
8970,Hyundai,Santa Fe Sport,2015,regular unleaded,264.0,4.0,AUTOMATIC,front wheel drive,4.0,Crossover,Midsize,4dr SUV,27,19,1439,31250
8971,Hyundai,Santa Fe Sport,2015,regular unleaded,190.0,4.0,AUTOMATIC,front wheel drive,4.0,Crossover,Midsize,4dr SUV,27,20,1439,24950
8972,Hyundai,Santa Fe Sport,2015,regular unleaded,190.0,4.0,AUTOMATIC,all wheel drive,4.0,Crossover,Midsize,4dr SUV,25,19,1439,26700
8973,Hyundai,Santa Fe Sport,2015,regular unleaded,264.0,4.0,AUTOMATIC,all wheel drive,4.0,Crossover,Midsize,4dr SUV,24,18,1439,33000
8974,Hyundai,Santa Fe Sport,2015,regular unleaded,264.0,4.0,AUTOMATIC,front wheel drive,4.0,Crossover,Midsize,4dr SUV,27,19,1439,31250
8975,Hyundai,Santa Fe Sport,2016,regular unleaded,265.0,4.0,AUTOMATIC,all wheel drive,4.0,Crossover,Midsize,4dr SUV,24,18,1439,33000
8976,Hyundai,Santa Fe Sport,2016,regular unleaded,190.0,4.0,AUTOMATIC,front wheel drive,4.0,Crossover,Midsize,4dr SUV,27,20,1439,24950
8977,Hyundai,Santa Fe Sport,2016,regular unleaded,190.0,4.0,AUTOMATIC,all wheel drive,4.0,Crossover,Midsize,4dr SUV,25,19,1439,26700
8978,Hyundai,Santa Fe Sport,2016,regular unleaded,265.0,4.0,AUTOMATIC,front wheel drive,4.0,Crossover,Midsize,4dr SUV,27,19,1439,31250
8979,Hyundai,Santa Fe Sport,2017,regular unleaded,265.0,4.0,AUTOMATIC,all wheel drive,4.0,Crossover,Midsize,4dr SUV,26,19,1439,33450
8980,Hyundai,Santa Fe Sport,2017,regular unleaded,265.0,4.0,AUTOMATIC,front wheel drive,4.0,Crossover,Midsize,4dr SUV,28,20,1439,31700
8981,Hyundai,Santa Fe Sport,2017,regular unleaded,265.0,4.0,AUTOMATIC,all wheel drive,4.0,Crossover,Midsize,4dr SUV,24,19,1439,38250
8982,Hyundai,Santa Fe Sport,2017,regular unleaded,190.0,4.0,AUTOMATIC,front wheel drive,4.0,Crossover,Midsize,4dr SUV,27,21,1439,25350
8983,Hyundai,Santa Fe Sport,2017,regular unleaded,190.0,4.0,AUTOMATIC,all wheel drive,4.0,Crossover,Midsize,4dr SUV,26,20,1439,27100
8984,Hyundai,Santa Fe Sport,2017,regular unleaded,265.0,4.0,AUTOMATIC,front wheel drive,4.0,Crossover,Midsize,4dr SUV,27,20,1439,36500
9918,Kia,Sportage,2015,regular unleaded,182.0,4.0,AUTOMATIC,front wheel drive,4.0,Crossover,Compact,4dr SUV,28,21,1720,21900
9919,Kia,Sportage,2015,regular unleaded,260.0,4.0,AUTOMATIC,front wheel drive,4.0,Crossover,Compact,4dr SUV,26,20,1720,28100
9920,Kia,Sportage,2015,regular unleaded,182.0,4.0,AUTOMATIC,front wheel drive,4.0,Crossover,Compact,4dr SUV,28,21,1720,25300
9921,Kia,Sportage,2015,regular unleaded,182.0,4.0,AUTOMATIC,all wheel drive,4.0,Crossover,Compact,4dr SUV,26,19,1720,26800
9922,Kia,Sportage,2015,regular unleaded,260.0,4.0,AUTOMATIC,all wheel drive,4.0,Crossover,Compact,4dr SUV,24,19,1720,29600
9923,Kia,Sportage,2015,regular unleaded,182.0,4.0,AUTOMATIC,all wheel drive,4.0,Crossover,Compact,4dr SUV,26,19,1720,23400
9924,Kia,Sportage,2016,regular unleaded,182.0,4.0,AUTOMATIC,all wheel drive,4.0,Crossover,Compact,4dr SUV,26,19,1720,23650
9925,Kia,Sportage,2016,regular unleaded,182.0,4.0,AUTOMATIC,front wheel drive,4.0,Crossover,Compact,4dr SUV,28,21,1720,22150
9926,Kia,Sportage,2016,regular unleaded,260.0,4.0,AUTOMATIC,all wheel drive,4.0,Crossover,Compact,4dr SUV,25,19,1720,31490
9927,Kia,Sportage,2016,regular unleaded,182.0,4.0,AUTOMATIC,front wheel drive,4.0,Crossover,Compact,4dr SUV,28,21,1720,25350
9928,Kia,Sportage,2016,regular unleaded,260.0,4.0,AUTOMATIC,front wheel drive,4.0,Crossover,Compact,4dr SUV,26,20,1720,29990
9929,Kia,Sportage,2016,regular unleaded,182.0,4.0,AUTOMATIC,all wheel drive,4.0,Crossover,Compact,4dr SUV,26,19,1720,26850
9930,Kia,Sportage,2017,regular unleaded,181.0,4.0,AUTOMATIC,all wheel drive,4.0,Crossover,Compact,4dr SUV,25,21,1720,27000
9931,Kia,Sportage,2017,regular unleaded,240.0,4.0,AUTOMATIC,front wheel drive,4.0,Crossover,Compact,4dr SUV,26,21,1720,32500
9932,Kia,Sportage,2017,regular unleaded,181.0,4.0,AUTOMATIC,front wheel drive,4.0,Crossover,Compact,4dr SUV,29,22,1720,22990
9933,Kia,Sportage,2017,regular unleaded,237.0,4.0,AUTOMATIC,all wheel drive,4.0,Crossover,Compact,4dr SUV,23,20,1720,34000
9934,Kia,Sportage,2017,regular unleaded,181.0,4.0,AUTOMATIC,front wheel drive,4.0,Crossover,Compact,4dr SUV,29,22,1720,25500
9935,Kia,Sportage,2017,regular unleaded,181.0,4.0,AUTOMATIC,all wheel drive,4.0,Crossover,Compact,4dr SUV,25,21,1720,24490
9936,Chevrolet,Sportvan,1994,regular unleaded,200.0,8.0,AUTOMATIC,rear wheel drive,3.0,,Midsize,Passenger Van,16,11,1385,2000
9937,Chevrolet,Sportvan,1994,regular unleaded,200.0,8.0,AUTOMATIC,rear wheel drive,3.0,,Midsize,Passenger Van,16,11,1385,2000
9938,Chevrolet,Sportvan,1994,regular unleaded,200.0,8.0,AUTOMATIC,rear wheel drive,3.0,,Large,Passenger Van,16,11,1385,2000
9939,Chevrolet,Sportvan,1994,regular unleaded,200.0,8.0,AUTOMATIC,rear wheel drive,3.0,,Large,Passenger Van,16,11,1385,2000
9940,Chevrolet,Sportvan,1994,regular unleaded,155.0,6.0,AUTOMATIC,rear wheel drive,3.0,,Midsize,Passenger Van,17,14,1385,2000
9941,Chevrolet,Sportvan,1994,regular unleaded,155.0,6.0,AUTOMATIC,rear wheel drive,3.0,,Midsize,Passenger Van,17,14,1385,2000
9942,Chevrolet,Sportvan,1995,regular unleaded,163.0,6.0,AUTOMATIC,rear wheel drive,3.0,,Midsize,Passenger Van,15,13,1385,2000
9943,Chevrolet,Sportvan,1995,regular unleaded,163.0,6.0,AUTOMATIC,rear wheel drive,3.0,,Midsize,Passenger Van,15,13,1385,2000
10095,Bentley,Supersports Convertible ISR,2013,flex-fuel (premium unleaded required/E85),631.0,12.0,AUTOMATIC,all wheel drive,2.0,"Exotic,Flex Fuel,Factory Tuner,Luxury,High-Performance",Midsize,Convertible,19,12,520,291900
10638,Pontiac,Trans Sport,1996,regular unleaded,180.0,6.0,AUTOMATIC,front wheel drive,3.0,,Compact,Passenger Minivan,24,17,210,2000
10639,Pontiac,Trans Sport,1997,regular unleaded,180.0,6.0,AUTOMATIC,front wheel drive,3.0,,Midsize,Passenger Minivan,23,16,210,2000
10640,Pontiac,Trans Sport,1997,regular unleaded,180.0,6.0,AUTOMATIC,front wheel drive,3.0,,Compact,Passenger Minivan,23,16,210,2000
10641,Pontiac,Trans Sport,1998,regular unleaded,180.0,6.0,AUTOMATIC,front wheel drive,4.0,,Compact,Passenger Minivan,23,16,210,2000
10642,Pontiac,Trans Sport,1998,regular unleaded,180.0,6.0,AUTOMATIC,front wheel drive,3.0,,Compact,Passenger Minivan,23,16,210,2000
10643,Pontiac,Trans Sport,1998,regular unleaded,180.0,6.0,AUTOMATIC,front wheel drive,4.0,,Midsize,Passenger Minivan,23,16,210,2038
10644,Pontiac,Trans Sport,1998,regular unleaded,180.0,6.0,AUTOMATIC,front wheel drive,4.0,,Midsize,Passenger Minivan,23,16,210,2104
10869,Acura,TSX Sport Wagon,2012,premium unleaded (recommended),201.0,4.0,AUTOMATIC,front wheel drive,4.0,Luxury,Midsize,Wagon,30,22,204,35010
10870,Acura,TSX Sport Wagon,2012,premium unleaded (recommended),201.0,4.0,AUTOMATIC,front wheel drive,4.0,Luxury,Midsize,Wagon,30,22,204,31360
10871,Acura,TSX Sport Wagon,2013,premium unleaded (recommended),201.0,4.0,AUTOMATIC,front wheel drive,4.0,Luxury,Midsize,Wagon,30,22,204,35510
10872,Acura,TSX Sport Wagon,2013,premium unleaded (recommended),201.0,4.0,AUTOMATIC,front wheel drive,4.0,Luxury,Midsize,Wagon,30,22,204,31860
10873,Acura,TSX Sport Wagon,2014,premium unleaded (recommended),201.0,4.0,AUTOMATIC,front wheel drive,4.0,Luxury,Midsize,Wagon,30,22,204,35635
10874,Acura,TSX Sport Wagon,2014,premium unleaded (recommended),201.0,4.0,AUTOMATIC,front wheel drive,4.0,Luxury,Midsize,Wagon,30,22,204,31985
